"Reference","Value","Footprint","LCSC","Manufacturer","QUANTITY"
"C1","22uF","GoodmanHP:C1812","C22388553","PSA(信昌电陶)","1"
"C2,C7","100nF","GoodmanHP:C0402","C77020","muRata(村田)","2"
"C3,C4,C10,C11","22uF","GoodmanHP:C0805","C907991","muRata(村田)","4"
"C5","560uF","GoodmanHP:CAP-TH_BD10.0-P5.00-D1.0-FD_1","C49309240","KNSCHA(科尼盛)","1"
"C6,C55","10uF","GoodmanHP:C1210","C437568","muRata(村田)","2"
"C8,C9,C37,C44,C47,C49","1uF","GoodmanHP:C0201","C76929","muRata(村田)","6"
"C12,C40,C42,C54","10uF","GoodmanHP:C0402","C15525","SAMSUNG(三星)","4"
"C13,C16,C19,C22,C25,C26,C35,C38,C39,C41,C43,C45,C46,C48,C52,C53","100nF","GoodmanHP:C0201","C85923","muRata(村田)","16"
"C14,C17,C20,C23","2.2uF","GoodmanHP:C0805","C22367838","Chinocera(华瓷)","4"
"C15,C18,C21,C24","4.7uF","GoodmanHP:C0402","C20624278","FH(风华)","4"
"C34,C36","1.2pF","GoodmanHP:C0201","C85895","muRata(村田)","2"
"C50,C51","27pF","GoodmanHP:C0201","C384976","muRata","2"
"CARD1","472192001","GoodmanHP:TF-SMD_472192001","C164170","MOLEX","1"
"CN1","DB2EVC-3.81-3P-GN","GoodmanHP:CONN-TH_3P-P3.81_DB2EVC-3.81-3P","C395692","DORABO(地博电气)","1"
"D1","RS2M","GoodmanHP:SMA_L4.3-W2.7-LS5.1-RD","C908426","GOODWORK(固得沃克)","1"
"D2,D16","PMEG6020EP,115","GoodmanHP:SOD-128_L3.7-W2.5-LS4.7-FD","C179433","Nexperia(安世)","2"
"D3","SMAJ36CA","GoodmanHP:SMA_L4.2-W2.7-LS5.0-BI","C908830","GOODWORK(固得沃克)","1"
"D4","SMF5.0A","GoodmanHP:SOD-123FL_L2.8-W1.9-LS3.7-RD","C2857263","JSMSEMI(杰盛微)","1"
"D5","SMAJ3.3A","GoodmanHP:SMA_L4.3-W2.7-LS5.1-RD","C22365220","DOWO(东沃)","1"
"D6,D7,D10,D11","1N4148W-7-F","GoodmanHP:SOD-123_L2.7-W1.6-LS3.7-RD-1","C83528","DIODES(美台)","4"
"D8,D9,D12,D13","BZX884-B3V3,315","GoodmanHP:SOD-882_L1.0-W0.6-RD","C551199","Nexperia(安世)","4"
"D14","ESDCAN24-2BLY","GoodmanHP:SOT-23-3_L2.9-W1.3-P1.90-LS2.4-BL-2","C2937021","TECH PUBLIC","1"
"D15,D17-D19","TPSMB47CA","GoodmanHP:SMB_L4.3-W3.6-LS5.4-BI","C1975322","Littelfuse(美国力特)","4"
"D22","SMCJ400CA","GoodmanHP:SMCG_L6.8-W5.8-LS7.9-BI","C5294118","CJ(江苏长电/长晶)","1"
"F1","2920L050/90GR","GoodmanHP:F2920","C41414044","LUTE(陆特)","1"
"F2-F5","1206L025/60NR","GoodmanHP:F1206","C47345582","LUTE(陆特)","4"
"FB1,FB2","BLM31PG601SN1L","GoodmanHP:L1206","C16902","muRata(村田)","2"
"H1,H2","2.54-1*4P母","GoodmanHP:HDR-TH_4P-P2.54-V-F","C2718488","BOOMELE(博穆精密)","2"
"H3","PM254V-11-07-H85","GoodmanHP:HDR-TH_7P-P2.54-V-F","C2832270","XFCN(兴飞)","1"
"H4","PZ254V-11-03P","GoodmanHP:HDR-TH_3P-P2.54-V-M_PZ254V-11-03P","C2937625","XFCN(兴飞)","1"
"L1","10uH","GoodmanHP:IND-SMD_L2.5-W2.0","C5832376","cjiang(长江微电)","1"
"L2","2.7nH","GoodmanHP:L0201","C7216765","muRata(村田)","1"
"L3,L4","20nH","GoodmanHP:IND-SMD_L1.2-W0.6-1","C330860","Sunltech(顺磁)","2"
"Q1,Q3,Q7,Q8,Q11,Q12,Q14,Q15","HSS2N12A","GoodmanHP:SOT-23-3_L3.0-W1.7-P0.95-LS2.9-BR","C53243986","HUASHUO(华朔)","8"
"Q2,Q4,Q9,Q10,Q13","L2N7002LT1G","GoodmanHP:SOT-23_L2.9-W1.3-P1.90-LS2.4-BR","C12779","LRC(乐山无线电)","5"
"Q5,Q6","SS8050","GoodmanHP:SOT-23-3_L2.9-W1.3-P1.90-LS2.4-BR","C916392","JSMSEMI(杰盛微)","2"
"R1,R5,R6,R13,R14,R28","33kΩ","GoodmanHP:R0201","C473534","UNI-ROYAL(厚声)","6"
"R2","9.31kΩ","GoodmanHP:R0201","C423401","UNI-ROYAL(厚声)","1"
"R3","2kΩ","GoodmanHP:R0201","C851709","YAGEO(国巨)","1"
"R4","1.8kΩ","GoodmanHP:R0201","C473568","UNI-ROYAL(厚声)","1"
"R7,R10,R15,R18","5.6kΩ","GoodmanHP:R0805","C441985","PANASONIC(松下)","4"
"R8,R11,R16,R19,R26,R27,R36,R40,R42,R49-R52,R55,R59-R61","10kΩ","GoodmanHP:R0201","C473048","UNI-ROYAL(厚声)","17"
"R9,R12,R17,R20","1MΩ","GoodmanHP:R0201","C295786","YAGEO(国巨)","4"
"R21","120Ω","GoodmanHP:R0805","C844392","VISHAY(威世)","1"
"R22,R23,R25,R29,R32,R33,R37-R39","180Ω","GoodmanHP:R0201","C965335","UNI-ROYAL(厚声)","9"
"R24,R30,R31","100kΩ","GoodmanHP:R0805_NEW","C96346","YAGEO(国巨)","3"
"R34","100Ω","GoodmanHP:R0201","C77623","YAGEO(国巨)","1"
"R35","390Ω","GoodmanHP:R1210","C2960731","FOJAN(富捷)","1"
"R41","10kΩ","GoodmanHP:R0603","C2906982","FOJAN(富捷)","1"
"R48,R57,R58,R66,R67","4.7kΩ","GoodmanHP:R0201","C138135","YAGEO(国巨)","5"
"R53,R56,R62-R65","33Ω","GoodmanHP:R0201","C423356","UNI-ROYAL(厚声)","6"
"R54","200kΩ","GoodmanHP:R0201","C138163","YAGEO(国巨)","1"
"RF1","2337019-1","GoodmanHP:ANT-SMD_2337019-1","C434807","TE Connectivity(泰科电子)","1"
"SW1,SW2","RKB2SJG250SMTRLFS","GoodmanHP:SW-SMD_4P-L4.2-W3.2-P2.15-LS4.6","C2927788","C&K","2"
"U1,U2,U4-U7,U9,U10,U12,U13,U15-U27","1217861-1 Faston","GoodmanHP:1217861-1","C428480","","23"
"U3,U8,U11,U14","SMTSO3280CTJ","GoodmanHP:SMD_BD5.6-L5.6-W5.6-D4.1","C2928174","Sinhoo(雄和远景)","4"
"U28","LGS5145","GoodmanHP:SOT-23-6_L2.9-W1.7-P0.95-LS2.8-BL","C5123971","Legend-Si(棱晶半导体)","1"
"U29","TLV76133DCYR","GoodmanHP:SOT-223-4_L6.5-W3.5-P2.30-LS7.0-TR","C7527500","TI(德州仪器)","1"
"U30","SN65HVD230DR-JSM","GoodmanHP:SOP-8_L4.9-W3.9-P1.27-LS6.0-BL","C46596299","JSMSEMI(杰盛微)","1"
"U31,U32,U34,U36","GAQV1122S","GoodmanHP:SOP-4_L4.3-W4.4-P2.54-LS6.8-TR","C22385006","SUPSiC(国晶微半导体)","4"
"U33","AT3H4B-CuH-S","GoodmanHP:SSOP-4_L2.7-W4.6-P1.27-LS7.0-TL","C20612635","AOTE(奥特)","1"
"U35","B59850C0130A070","GoodmanHP:RES-TH_L11.0-W5.0-P5.00-D0.8","C125471","TDK","1"
"U37","MOC3041SM","GoodmanHP:SMD-6_L8.8-W6.4-P2.54-LS9.4-BL","C22373366","AOTE(奥特)","1"
"U39","BT138S-800E","GoodmanHP:TO-252-2_L6.6-W6.1-P4.57-LS10.1-BR-CW","C5380690","FUXINSEMI(富芯森美)","1"
"U42","2541WV-06P","GoodmanHP:HDR-TH_6P-P2.54-V-M","C5383115","HanElectricity(瀚源)","1"
"U43,U51","ZX-PM2.54-1-2PY","GoodmanHP:HDR-TH_2P-P2.54-V-F","C7499322","Megastar(兆星)","2"
"U44","ESP32-S3R8","GoodmanHP:QFN-56_L7.0-W7.0-P0.40-TL-EP4.0","C2913194","ESPRESSIF(乐鑫)","1"
"U45","PCA9306DCUR","GoodmanHP:SSOP-8_L2.0-W2.3-P0.50-LS3.1-BR","C33196","TI(德州仪器)","1"
"U46","2541FV-2x7P-B","GoodmanHP:HDR-TH_2541FV-2X7P-B","C25503125","HanElectricity(瀚源)","1"
"U47","W25Q128JVSIQ","GoodmanHP:SOIC-8_L5.3-W5.3-P1.27-LS8.0-BL","C113767","Winbond(华邦)","1"
"U48","40MHz","GoodmanHP:CRYSTAL-SMD_4P-L2.0-W1.6-BL","C42464327","TOGNJING","1"
"U49","CH340K","GoodmanHP:ESOP-10_L4.9-W3.9-P1.00-LS6.2-BL-EP","C968586","WCH(南京沁恒)","1"
"U50","SMTSO30100CTJ","GoodmanHP:SCREW-SMD_BD5.6-D4.1-H10","C2916370","Sinhoo(雄和远景)","1"
"USB1","TYPE-C 16PIN 2MD(073)","GoodmanHP:USB-C-SMD_TYPE-C-6PIN-2MD-073","C2765186","SHOU HAN(首韩)","1"
