Ref,Val,Package,PosX,PosY,Rot,Side
"U3","SMTSO3280CTJ","SMD_BD5.6-L5.6-W5.6-D4.1_v2",89.585979,-94.919989,180.000000,bottom
"U8","SMTSO3280CTJ","SMD_BD5.6-L5.6-W5.6-D4.1_v2",95.046990,-33.832867,180.000000,bottom
"U11","SMTSO3280CTJ","SMD_BD5.6-L5.6-W5.6-D4.1",12.877825,-15.925831,180.000000,bottom
"U14","SMTSO3280CTJ","SMD_BD5.6-L5.6-W5.6-D4.1",12.623825,-76.123952,180.000000,bottom
"C1","22uF","C1812",95.554991,-89.839979,180.000000,top
"C2","100nF","C0402",80.314960,-46.405892,90.000000,top
"C3","22uF","C0805",77.850614,-41.793878,180.000000,top
"C4","22uF","C0805",74.472948,-42.849885,90.000000,top
"C5","560uF","CAP-TH_BD10.0-P5.00-D1.0-FD_1",82.727965,-55.041910,180.000000,top
"C6","10uF","C1210",77.647955,-66.852933,0.000000,top
"C7","100nF","C0402",81.965963,-42.849885,0.000000,top
"C8","1uF","C0201",71.932943,-44.881889,90.000000,top
"C9","1uF","C0201",70.535941,-33.832867,0.000000,top
"C10","22uF","C0805",52.501905,-34.086868,-90.000000,top
"C11","22uF","C0805",45.897891,-24.307848,-90.000000,top
"C12","10uF","C0402",54.787909,-35.991871,90.000000,top
"C13","100nF","C0201",50.977901,-36.372872,90.000000,top
"C14","2.2uF","C0805",23.894843,-87.934975,180.000000,top
"C15","4.7uF","C0402_v2",39.293878,-67.741935,180.000000,top
"C16","100nF","C0201",67.995935,-57.708915,90.000000,top
"C17","2.2uF","C0805",11.226822,-81.584963,0.000000,top
"C18","4.7uF","C0402_v2",21.386842,-75.996951,180.000000,top
"C19","100nF","C0201",34.975869,-58.343916,0.000000,top
"C20","2.2uF","C0805",17.322834,-88.442976,0.000000,top
"C21","4.7uF","C0402_v2",39.166878,-64.693929,180.000000,top
"C22","100nF","C0201",71.043942,-58.851917,0.000000,top
"C23","2.2uF","C0805",18.846837,-62.153924,180.000000,top
"C24","4.7uF","C0402_v2",18.084836,-56.438912,180.000000,top
"C25","100nF","C0201",17.703835,-54.660909,180.000000,top
"C26","100nF","C0201",91.363982,-65.201930,0.000000,top
"C34","1.2pF","C0201",56.565913,-15.544831,0.000000,top
"C35","100nF","C0201",58.851917,-13.766827,90.000000,top
"C36","1.2pF","C0201",56.184912,-13.004826,0.000000,top
"C37","1uF","C0201",54.025908,-16.814833,0.000000,top
"C38","100nF","C0201",55.676911,-16.560833,0.000000,top
"C39","100nF","C0201",65.836931,-14.655829,180.000000,top
"C40","10uF","C0402",66.217932,-13.512827,180.000000,top
"C41","100nF","C0201",89.077978,-24.307848,0.000000,top
"C42","10uF","C0402",88.061976,-22.910845,180.000000,top
"C43","100nF","C0201",60.756921,-24.942849,90.000000,top
"C44","1uF","C0201",91.363982,-43.992887,90.000000,top
"C45","100nF","C0201",92.379984,-43.992887,-90.000000,top
"C46","100nF","C0201",90.347980,-39.801879,0.000000,top
"C47","1uF","C0201",60.375920,-28.117856,90.000000,top
"C48","100nF","C0201",75.107950,-23.291846,0.000000,top
"C49","1uF","C0201",52.501905,-31.165862,180.000000,top
"C50","27pF","C0201_v2",60.375920,-9.829819,-90.000000,top
"C51","27pF","C0201",63.804927,-12.877825,180.000000,top
"C52","100nF","C0201",79.044958,-20.624841,180.000000,top
"C53","100nF","C0201",79.044958,-17.576835,0.000000,top
"C54","10uF","C0402",90.474980,-13.385826,180.000000,top
"C55","10uF","C1210",89.331978,-49.072898,180.000000,top
"CARD1","472192001","TF-SMD_472192001",80.695961,-31.800863,90.000000,top
"CN1","DB2EVC-3.81-3P-GN","CONN-TH_3P-P3.81_DB2EVC-3.81-3P",61.645923,-42.849885,0.000000,top
"D1","RS2M","SMA_L4.3-W2.7-LS5.1-RD",78.536957,-70.154940,180.000000,top
"D2","PMEG6020EP,115","SOD-128_L3.7-W2.5-LS4.7-FD",77.012954,-46.786893,0.000000,top
"D3","SMAJ36CA","SMA_L4.2-W2.7-LS5.0-BI",81.838963,-63.550927,180.000000,top
"D4","SMF5.0A","SOD-123FL_L2.8-W1.9-LS3.7-RD",69.519939,-36.626873,180.000000,top
"D5","SMAJ3.3A","SMA_L4.3-W2.7-LS5.1-RD",45.389890,-41.452882,-90.000000,top
"D6","1N4148W-7-F","SOD-123_L2.7-W1.6-LS3.7-RD-1",37.261874,-71.170942,-90.000000,top
"D7","1N4148W-7-F","SOD-123_L2.7-W1.6-LS3.7-RD-1",19.354838,-78.917957,180.000000,top
"D8","BZX884-B3V3,315","SOD-882_L1.0-W0.6-RD",42.214884,-65.709931,0.000000,top
"D9","BZX884-B3V3,315","SOD-882_L1.0-W0.6-RD",24.053848,-78.917957,0.000000,top
"D10","1N4148W-7-F","SOD-123_L2.7-W1.6-LS3.7-RD-1",34.213868,-71.170942,-90.000000,top
"D11","1N4148W-7-F","SOD-123_L2.7-W1.6-LS3.7-RD-1",15.925831,-58.597917,180.000000,top
"D12","BZX884-B3V3,315","SOD-882_L1.0-W0.6-RD",36.245872,-65.328930,180.000000,top
"D13","BZX884-B3V3,315","SOD-882_L1.0-W0.6-RD",19.989839,-58.597917,0.000000,top
"D14","ESDCAN24-2BLY","SOT-23-3_L2.9-W1.3-P1.90-LS2.4-BL-2",96.570993,-62.534925,180.000000,top
"D15","TPSMB47CA","SMB_L4.3-W3.6-LS5.4-BI",59.599918,-79.699959,0.000000,top
"D16","PMEG6020EP,115","SOD-128_L3.7-W2.5-LS4.7-FD",96.062992,-11.607823,0.000000,top
"D17","TPSMB47CA","SMB_L4.3-W3.6-LS5.4-BI",32.999865,-84.699969,0.000000,top
"D18","TPSMB47CA","SMB_L4.3-W3.6-LS5.4-BI",43.599888,-79.599959,0.000000,top
"D19","TPSMB47CA","SMB_L4.3-W3.6-LS5.4-BI",51.499903,-79.699959,0.000000,top
"D22","SMCJ400CA","SMCG_L6.8-W5.8-LS7.9-BI",34.899870,-42.299885,90.000000,top
"F1","2920L050/90GR","F2920",81.711963,-75.234950,180.000000,top
"F2","1206L025/60NR","F1206",59.899918,-75.399951,0.000000,top
"F3","1206L025/60NR","F1206",29.899860,-74.499949,-90.000000,top
"F4","1206L025/60NR","F1206",44.999890,-75.399951,0.000000,top
"F5","1206L025/60NR","F1206",51.399903,-75.399951,0.000000,top
"FB1","BLM31PG601SN1L","L1206",96.189992,-93.141986,180.000000,top
"FB2","BLM31PG601SN1L","L1206_v2",71.932943,-41.325882,90.000000,top
"H1","2.54-1*4P母","HDR-TH_4P-P2.54-V-F",97.713995,-45.135890,90.000000,top
"H2","2.54-1*4P母","HDR-TH_4P-P2.54-V-F",60.248920,-33.070866,0.000000,top
"H3","PM254V-11-07-H85","HDR-TH_7P-P2.54-V-F",41.960883,-10.464820,0.000000,top
"H4","PZ254V-11-03P","HDR-TH_3P-P2.54-V-M_PZ254V-11-03P",94.284988,-53.009906,180.000000,top
"L1","10uH","IND-SMD_L2.5-W2.0",77.647955,-44.119888,180.000000,top
"L2","2.7nH","L0201",56.565913,-14.274828,90.000000,top
"L3","20nH","IND-SMD_L1.2-W0.6-1",55.422910,-17.449834,0.000000,top
"L4","20nH","IND-SMD_L1.2-W0.6-1",60.121920,-14.401828,180.000000,top
"Q1","HSS2N12A","SOT-23-3_L3.0-W1.7-P0.95-LS2.9-BR",30.022860,-70.281940,90.000000,top
"Q2","L2N7002LT1G","SOT-23_L2.9-W1.3-P1.90-LS2.4-BR",30.784861,-55.930911,180.000000,top
"Q3","HSS2N12A","SOT-23-3_L3.0-W1.7-P0.95-LS2.9-BR",26.085852,-70.154940,0.000000,top
"Q4","L2N7002LT1G","SOT-23_L2.9-W1.3-P1.90-LS2.4-BR",40.944881,-16.814833,0.000000,top
"Q5","SS8050","SOT-23-3_L2.9-W1.3-P1.90-LS2.4-BR",52.374904,-22.402844,180.000000,top
"Q6","SS8050","SOT-23-3_L2.9-W1.3-P1.90-LS2.4-BR",52.374904,-19.100838,180.000000,top
"Q7","HSS2N12A","SOT-23-3_L3.0-W1.7-P0.95-LS2.9-BR",59.499918,-70.199941,0.000000,top
"Q8","HSS2N12A","SOT-23-3_L3.0-W1.7-P0.95-LS2.9-BR",62.999926,-70.199941,0.000000,top
"Q9","L2N7002LT1G","SOT-23_L2.9-W1.3-P1.90-LS2.4-BR",63.599926,-53.799908,90.000000,top
"Q10","L2N7002LT1G","SOT-23_L2.9-W1.3-P1.90-LS2.4-BR",47.099893,-53.599906,90.000000,top
"Q11","HSS2N12A","SOT-23-3_L3.0-W1.7-P0.95-LS2.9-BR",43.899888,-69.999939,0.000000,top
"Q12","HSS2N12A","SOT-23-3_L3.0-W1.7-P0.95-LS2.9-BR",47.199893,-69.899939,0.000000,top
"Q13","L2N7002LT1G","SOT-23_L2.9-W1.3-P1.90-LS2.4-BR",54.699908,-53.499906,90.000000,top
"Q14","HSS2N12A","SOT-23-3_L3.0-W1.7-P0.95-LS2.9-BR",50.899900,-69.999939,0.000000,top
"Q15","HSS2N12A","SOT-23-3_L3.0-W1.7-P0.95-LS2.9-BR",54.099908,-69.999939,0.000000,top
"R1","33kΩ","R0201",86.029972,-43.865887,90.000000,top
"R2","9.31kΩ","R0201_v3",77.393954,-49.072898,180.000000,top
"R3","2kΩ","R0201",86.029972,-45.389890,90.000000,top
"R4","1.8kΩ","R0201_v3",78.917957,-49.072898,180.000000,top
"R5","33kΩ","R0201",27.482854,-81.838963,180.000000,top
"R6","33kΩ","R0201",14.147828,-81.076962,180.000000,top
"R7","5.6kΩ","R0805",25.577851,-84.505969,0.000000,top
"R8","10kΩ","R0201",28.879857,-80.314960,180.000000,top
"R9","1MΩ","R0201",39.928879,-61.899923,180.000000,top
"R10","5.6kΩ","R0805",18.338836,-82.346964,180.000000,top
"R11","10kΩ","R0201_v2",14.147828,-82.092964,0.000000,top
"R12","1MΩ","R0201",34.848869,-61.010922,180.000000,top
"R13","33kΩ","R0201",23.037846,-81.330962,180.000000,top
"R14","33kΩ","R0201",12.242824,-58.597917,180.000000,top
"R15","5.6kΩ","R0805",21.513843,-84.505969,180.000000,top
"R16","10kΩ","R0201_v2",26.085852,-80.314960,0.000000,top
"R17","1MΩ","R0201_v2",71.043942,-59.867919,0.000000,top
"R18","5.6kΩ","R0805",14.655829,-62.026924,0.000000,top
"R19","10kΩ","R0201",12.242824,-56.438912,180.000000,top
"R20","1MΩ","R0201_v2",15.925831,-54.660909,0.000000,top
"R21","120Ω","R0805",96.443992,-59.740919,180.000000,top
"R22","180Ω","R0201_v2",33.199865,-55.899911,0.000000,top
"R23","180Ω","R0201_v2",27.863855,-55.041910,0.000000,top
"R24","100kΩ","R0805_NEW",40.899880,-30.099860,-90.000000,top
"R25","180Ω","R0201",62.299923,-58.799918,90.000000,top
"R26","10kΩ","R0201",65.899931,-53.999908,90.000000,top
"R27","10kΩ","R0201",28.117856,-56.565913,90.000000,top
"R28","33kΩ","R0201_v2",48.437896,-42.595885,0.000000,top
"R29","180Ω","R0201_v2",65.799931,-52.599906,0.000000,top
"R30","100kΩ","R0805_NEW",40.899880,-34.399867,-90.000000,top
"R31","100kΩ","R0805_NEW",40.899880,-38.899878,-90.000000,top
"R32","180Ω","R0201",47.999895,-58.799918,90.000000,top
"R33","180Ω","R0201_v2",49.499898,-52.299903,0.000000,top
"R34","100Ω","R0201",39.099878,-13.399827,180.000000,top
"R35","390Ω","R1210",31.292862,-30.276860,180.000000,top
"R36","10kΩ","R0201",49.399898,-53.699908,90.000000,top
"R37","180Ω","R0201",54.999911,-58.799918,90.000000,top
"R38","180Ω","R0201_v2",57.199913,-52.199903,0.000000,top
"R39","180Ω","R0201",44.500889,-19.608839,90.000000,top
"R40","10kΩ","R0201_v2",44.373888,-17.449834,-90.000000,top
"R41","10kΩ","R0603",25.899852,-51.299903,0.000000,top
"R42","10kΩ","R0201",56.999913,-53.499906,90.000000,top
"R48","4.7kΩ","R0201_v2",65.899931,-49.699898,0.000000,top
"R49","10kΩ","R0201",79.425958,-22.402844,90.000000,top
"R50","10kΩ","R0201",83.235966,-22.402844,90.000000,top
"R51","10kΩ","R0201",81.330962,-22.402844,90.000000,top
"R52","10kΩ","R0201",85.648971,-22.402844,90.000000,top
"R53","33Ω","R0201",62.661925,-25.704851,90.000000,top
"R54","200kΩ","R0201_v2",93.399987,-43.999888,-90.000000,top
"R55","10kΩ","R0201",56.565913,-24.180848,90.000000,top
"R56","33Ω","R0201",63.931927,-25.704851,90.000000,top
"R57","4.7kΩ","R0201_v2",88.061976,-40.182880,-90.000000,top
"R58","4.7kΩ","R0201_v2",89.077978,-40.182880,-90.000000,top
"R59","10kΩ","R0201_v2",50.088900,-20.751841,-90.000000,top
"R60","10kΩ","R0201",54.787909,-24.180848,90.000000,top
"R61","10kΩ","R0201",49.072898,-20.751841,90.000000,top
"R62","33Ω","R0201_v3",79.044958,-19.608839,180.000000,top
"R63","33Ω","R0201_v3",79.044958,-18.592837,180.000000,top
"R64","33Ω","R0201_v3",90.220980,-18.084836,180.000000,top
"R65","33Ω","R0201_v3",90.220980,-19.100838,180.000000,top
"R66","4.7kΩ","R0201_v3",90.220980,-20.116840,0.000000,top
"R67","4.7kΩ","R0201_v3",90.220980,-17.068834,0.000000,top
"RF1","2337019-1","ANT-SMD_2337019-1",56.565913,-11.226822,180.000000,top
"SW1","RKB2SJG250SMTRLFS","SW-SMD_4P-L4.2-W3.2-P2.15-LS4.6",57.327914,-27.736855,-90.000000,top
"SW2","RKB2SJG250SMTRLFS","SW-SMD_4P-L4.2-W3.2-P2.15-LS4.6",52.501905,-27.609855,-90.000000,top
"U1","1217861-1 Faston","1217861-1",23.418846,-93.776987,-90.000000,top
"U2","1217861-1 Faston","1217861-1",52.829692,-93.526969,90.000000,top
"U4","1217861-1 Faston","1217861-1",65.354330,-93.522987,-90.000000,top
"U5","1217861-1 Faston","1217861-1",17.703835,-93.776987,-90.000000,top
"U6","1217861-1 Faston","1217861-1",71.018542,-93.482639,-90.000000,top
"U7","1217861-1 Faston","1217861-1",59.105918,-93.522987,90.000000,top
"U9","1217861-1 Faston","1217861-1",40.563881,-93.776987,-90.000000,top
"U10","1217861-1 Faston","1217861-1",76.936753,-93.649987,-90.000000,top
"U12","1217861-1 Faston","1217861-1",34.848869,-93.776987,-90.000000,top
"U13","1217861-1 Faston","1217861-1",82.727965,-93.649987,-90.000000,top
"U15","1217861-1 Faston","1217861-1",11.988823,-93.776987,-90.000000,top
"U16","1217861-1 Faston","1217861-1",93.395986,-71.297942,0.000000,top
"U17","1217861-1 Faston","1217861-1",16.814833,-37.642875,0.000000,top
"U18","1217861-1 Faston","1217861-1",14.655829,-85.267970,0.000000,top
"U19","1217861-1 Faston","1217861-1",93.395986,-76.377952,0.000000,top
"U20","1217861-1 Faston","1217861-1",16.814833,-48.183896,0.000000,top
"U21","1217861-1 Faston","1217861-1",93.395986,-80.949961,0.000000,top
"U22","1217861-1 Faston","1217861-1",15.671831,-70.281940,0.000000,top
"U23","1217861-1 Faston","1217861-1",93.395986,-85.902971,0.000000,top
"U24","1217861-1 Faston","1217861-1",15.671831,-65.328930,0.000000,top
"U25","1217861-1 Faston","1217861-1",29.133858,-93.776987,-90.000000,top
"U26","1217861-1 Faston","1217861-1",46.278892,-93.776987,-90.000000,top
"U27","1217861-1 Faston","1217861-1",23.164846,-22.021844,0.000000,top
"U28","LGS5145","SOT-23-6_L2.9-W1.7-P0.95-LS2.8-BL",82.854965,-46.405892,0.000000,top
"U29","TLV76133DCYR","SOT-223-4_L6.5-W3.5-P2.30-LS7.0-TR",47.040894,-32.308864,0.000000,top
"U30","SN65HVD230DR-JSM","SOP-8_L4.9-W3.9-P1.27-LS6.0-BL",91.236982,-60.502921,0.000000,top
"U31","GAQV1122S","SOP-4_L4.3-W4.4-P2.54-LS6.8-TR",60.999921,-63.299926,0.000000,top
"U32","GAQV1122S","SOP-4_L4.3-W4.4-P2.54-LS6.8-TR",46.599893,-63.299926,0.000000,top
"U33","AT3H4B-CuH-S","SSOP-4_L2.7-W4.6-P1.27-LS7.0-TL",40.500000,-51.485902,-90.000000,top
"U34","GAQV1122S","SOP-4_L4.3-W4.4-P2.54-LS6.8-TR",29.006858,-63.550927,0.000000,top
"U35","B59850C0130A070","RES-TH_L11.0-W5.0-P5.00-D0.8",25.958851,-32.054864,90.000000,top
"U36","GAQV1122S","SOP-4_L4.3-W4.4-P2.54-LS6.8-TR",53.699908,-63.299926,0.000000,top
"U37","MOC3041SM","SMD-6_L8.8-W6.4-P2.54-LS9.4-BL",33.705867,-18.592837,180.000000,top
"U39","BT138S-800E","TO-252-2_L6.6-W6.1-P4.57-LS10.1-BR-CW",25.831851,-45.262890,-90.000000,top
"U42","2541WV-06P","HDR-TH_6P-P2.54-V-M",80.695961,-10.464820,0.000000,top
"U43","ZX-PM2.54-1-2PY","HDR-TH_2P-P2.54-V-F",48.310896,-48.310896,0.000000,top
"U44","ESP32-S3R8","QFN-56_L7.0-W7.0-P0.40-TL-EP4.0",61.391922,-19.735839,0.000000,top
"U45","PCA9306DCUR","SSOP-8_L2.0-W2.3-P0.50-LS3.1-BR",91.998983,-41.833883,180.000000,top
"U46","2541FV-2x7P-B","HDR-TH_2541FV-2X7P-B",78.790957,-83.870967,180.000000,top
"U47","W25Q128JVSIQ","SOIC-8_L5.3-W5.3-P1.27-LS8.0-BL",71.551943,-19.862839,180.000000,top
"U48","40MHz","CRYSTAL-SMD_4P-L2.0-W1.6-BL",61.391922,-12.242824,-37.086500,top
"U49","CH340K","ESOP-10_L4.9-W3.9-P1.00-LS6.2-BL-EP",83.743967,-18.592837,90.000000,top
"U50","SMTSO30100CTJ","SCREW-SMD_BD5.6-D4.1-H10",35.610871,-78.282956,0.000000,top
"U51","ZX-PM2.54-1-2PY","HDR-TH_2P-P2.54-V-F",50.977901,-13.004826,180.000000,top
"USB1","TYPE-C 16PIN 2MD(073)","USB-C-SMD_TYPE-C-6PIN-2MD-073",94.919989,-18.846837,90.000000,top
